{
	"parent": "minecraft:mcpaint/display",
	"credit": "Made with Blockbench",
	"texture_size": [64, 64],
	"textures": {
		"0": "item/mcpaint/studio_2x1"
	},
	"elements": [
		{
			"from": [-8, 0, 15],
			"to": [24, 16, 16],
			"rotation": {"angle": 0, "axis": "y", "origin": [8, 0, 0]},
			"faces": {
				"north": {"uv": [0.25, 0.25, 8.25, 4.25], "texture": "#0"},
				"east": {"uv": [0, 0.25, 0.25, 4.25], "texture": "#0"},
				"south": {"uv": [0.25, 4.25, 8.25, 8.25], "texture": "#0"},
				"west": {"uv": [8.25, 0.25, 8.5, 4.25], "texture": "#0"},
				"up": {"uv": [8.25, 0.25, 0.25, 0], "texture": "#0"},
				"down": {"uv": [8.25, 8.25, 0.25, 8.5], "texture": "#0"}
			}
		},
		{
			"from": [-10, -5, 14.75],
			"to": [-8, 17, 16.75],
			"rotation": {"angle": 0, "axis": "y", "origin": [8, 0, 0]},
			"faces": {
				"north": {"uv": [14.5, 10.5, 15, 16], "texture": "#0"},
				"east": {"uv": [14, 10.5, 14.5, 16], "texture": "#0"},
				"south": {"uv": [15.5, 10.5, 16, 16], "texture": "#0"},
				"west": {"uv": [15, 10.5, 15.5, 16], "texture": "#0"},
				"up": {"uv": [15, 10.5, 14.5, 10], "texture": "#0"},
				"down": {"uv": [15.5, 10, 15, 10.5], "texture": "#0"}
			}
		},
		{
			"from": [6, -5, 14.75],
			"to": [8, 0, 16.75],
			"rotation": {"angle": 0, "axis": "y", "origin": [8, 0, 0]},
			"faces": {
				"north": {"uv": [14.5, 14.75, 15, 16], "texture": "#0"},
				"east": {"uv": [14, 14.75, 14.5, 16], "texture": "#0"},
				"south": {"uv": [15.5, 14.75, 16, 16], "texture": "#0"},
				"west": {"uv": [15, 14.75, 15.5, 16], "texture": "#0"},
				"up": {"uv": [15, 10.5, 14.5, 10], "texture": "#0"},
				"down": {"uv": [15.5, 10, 15, 10.5], "texture": "#0"}
			}
		},
		{
			"from": [24, -5, 14.75],
			"to": [26, 17, 16.75],
			"rotation": {"angle": 0, "axis": "y", "origin": [8, 0, 0]},
			"faces": {
				"north": {"uv": [12.5, 10.5, 13, 16], "texture": "#0"},
				"east": {"uv": [12, 10.5, 12.5, 16], "texture": "#0"},
				"south": {"uv": [13.5, 10.5, 14, 16], "texture": "#0"},
				"west": {"uv": [13, 10.5, 13.5, 16], "texture": "#0"},
				"up": {"uv": [13, 10.5, 12.5, 10], "texture": "#0"},
				"down": {"uv": [13.5, 10, 13, 10.5], "texture": "#0"}
			}
		},
		{
			"from": [7, -4, 11],
			"to": [25, -3, 16],
			"rotation": {"angle": 0, "axis": "y", "origin": [8, 0, 0]},
			"faces": {
				"north": {"uv": [1.75, 15.75, 6.25, 16], "texture": "#0"},
				"east": {"uv": [0.5, 15.75, 1.75, 16], "texture": "#0"},
				"south": {"uv": [7.5, 15.75, 12, 16], "texture": "#0"},
				"west": {"uv": [6.25, 15.75, 7.5, 16], "texture": "#0"},
				"up": {"uv": [6.25, 15.75, 1.75, 14.5], "texture": "#0"},
				"down": {"uv": [10.75, 14.5, 6.25, 15.75], "texture": "#0"}
			}
		},
		{
			"from": [7, -4, 10],
			"to": [25, -2, 11],
			"rotation": {"angle": 0, "axis": "y", "origin": [8, 0, 0]},
			"faces": {
				"north": {"uv": [2.75, 14, 7.25, 14.5], "texture": "#0"},
				"east": {"uv": [2.5, 14, 2.75, 14.5], "texture": "#0"},
				"south": {"uv": [7.5, 14, 12, 14.5], "texture": "#0"},
				"west": {"uv": [7.25, 14, 7.5, 14.5], "texture": "#0"},
				"up": {"uv": [7.25, 14, 2.75, 13.75], "texture": "#0"},
				"down": {"uv": [11.75, 13.75, 7.25, 14], "texture": "#0"}
			}
		},
		{
			"from": [20, -3, 11.5],
			"to": [23, -1, 14.5],
			"rotation": {"angle": 22.5, "axis": "y", "origin": [21.5, -2, 13]},
			"faces": {
				"north": {"uv": [9.75, 12.25, 10.5, 12.75], "texture": "#0"},
				"east": {"uv": [9, 12.25, 9.75, 12.75], "texture": "#0"},
				"south": {"uv": [11.25, 12.25, 12, 12.75], "texture": "#0"},
				"west": {"uv": [10.5, 12.25, 11.25, 12.75], "texture": "#0"},
				"up": {"uv": [10.5, 12.25, 9.75, 11.5], "texture": "#0"},
				"down": {"uv": [11.25, 11.5, 10.5, 12.25], "texture": "#0"}
			}
		},
		{
			"from": [20.5, -1.25, 12],
			"to": [22.5, -0.25, 14],
			"rotation": {"angle": 22.5, "axis": "y", "origin": [21.5, -2, 13]},
			"faces": {
				"north": {"uv": [5.75, 13.5, 6.25, 13.75], "texture": "#0"},
				"east": {"uv": [5.25, 13.5, 5.75, 13.75], "texture": "#0"},
				"south": {"uv": [6.75, 13.5, 7.25, 13.75], "texture": "#0"},
				"west": {"uv": [6.25, 13.5, 6.75, 13.75], "texture": "#0"},
				"up": {"uv": [6.25, 13.5, 5.75, 13], "texture": "#0"},
				"down": {"uv": [6.75, 13, 6.25, 13.5], "texture": "#0"}
			}
		},
		{
			"from": [9, -3, 11.5],
			"to": [15, -2, 14.5],
			"rotation": {"angle": 0, "axis": "y", "origin": [8, 0, 0]},
			"faces": {
				"north": {"uv": [8.25, 13.5, 9.75, 13.75], "texture": "#0"},
				"east": {"uv": [7.5, 13.5, 8.25, 13.75], "texture": "#0"},
				"south": {"uv": [10.5, 13.5, 12, 13.75], "texture": "#0"},
				"west": {"uv": [9.75, 13.5, 10.5, 13.75], "texture": "#0"},
				"up": {"uv": [9.75, 13.5, 8.25, 12.75], "texture": "#0"},
				"down": {"uv": [11.25, 12.75, 9.75, 13.5], "texture": "#0"}
			}
		},
		{
			"from": [-8, -2, 15],
			"to": [24, -1, 16],
			"faces": {
				"north": {"uv": [0.25, 4, 8.25, 4.25], "texture": "#0"},
				"south": {"uv": [0.25, 8, 8.25, 8.25], "texture": "#0"},
				"up": {"uv": [0.25, 0.25, 8.25, 0.5], "texture": "#0"},
				"down": {"uv": [0.25, 8.25, 8.25, 8.5], "texture": "#0"}
			}
		}
	],
	"display": {
        "fixed": {
            "rotation": [ 0, 180, 0 ],
            "translation": [ 8, 0, 0 ],
            "scale": [ 1, 1, 1 ]
        }
    }
}