{
	"parent": "minecraft:mcpaint/display",
	"credit": "Made with Blockbench",
	"texture_size": [64, 64],
	"textures": {
		"0": "item/mcpaint/studio_1x1"
	},
	"elements": [
		{
			"from": [0, 0, 15],
			"to": [16, 16, 16],
			"faces": {
				"north": {"uv": [0.25, 0.25, 4.25, 4.25], "texture": "#0"},
				"east": {"uv": [0, 0.25, 0.25, 4.25], "texture": "#0"},
				"south": {"uv": [4.5, 0.25, 8.5, 4.25], "texture": "#0"},
				"west": {"uv": [4.25, 0.25, 4.5, 4.25], "texture": "#0"},
				"up": {"uv": [4.25, 0.25, 0.25, 0], "texture": "#0"},
				"down": {"uv": [8.25, 0, 4.25, 0.25], "texture": "#0"}
			}
		},
		{
			"from": [-2, -5, 14.75],
			"to": [0, 17, 16.75],
			"faces": {
				"north": {"uv": [0.5, 4.75, 1, 10.25], "texture": "#0"},
				"east": {"uv": [0, 4.75, 0.5, 10.25], "texture": "#0"},
				"south": {"uv": [1.5, 4.75, 2, 10.25], "texture": "#0"},
				"west": {"uv": [1, 4.75, 1.5, 10.25], "texture": "#0"},
				"up": {"uv": [1, 4.75, 0.5, 4.25], "texture": "#0"},
				"down": {"uv": [1.5, 4.25, 1, 4.75], "texture": "#0"}
			}
		},
		{
			"from": [16, -5, 14.75],
			"to": [18, 17, 16.75],
			"faces": {
				"north": {"uv": [2.5, 4.75, 3, 10.25], "texture": "#0"},
				"east": {"uv": [2, 4.75, 2.5, 10.25], "texture": "#0"},
				"south": {"uv": [3.5, 4.75, 4, 10.25], "texture": "#0"},
				"west": {"uv": [3, 4.75, 3.5, 10.25], "texture": "#0"},
				"up": {"uv": [3, 4.75, 2.5, 4.25], "texture": "#0"},
				"down": {"uv": [3.5, 4.25, 3, 4.75], "texture": "#0"}
			}
		},
		{
			"from": [-1, -4, 11],
			"to": [17, -3, 16],
			"faces": {
				"north": {"uv": [5.25, 5.5, 9.75, 5.75], "texture": "#0"},
				"east": {"uv": [4, 5.5, 5.25, 5.75], "texture": "#0"},
				"south": {"uv": [11, 5.5, 15.5, 5.75], "texture": "#0"},
				"west": {"uv": [9.75, 5.5, 11, 5.75], "texture": "#0"},
				"up": {"uv": [9.75, 5.5, 5.25, 4.25], "texture": "#0"},
				"down": {"uv": [14.25, 4.25, 9.75, 5.5], "texture": "#0"}
			}
		},
		{
			"from": [-1, -4, 10],
			"to": [17, -2, 11],
			"faces": {
				"north": {"uv": [4.25, 6, 8.75, 6.5], "texture": "#0"},
				"east": {"uv": [4, 6, 4.25, 6.5], "texture": "#0"},
				"south": {"uv": [9, 6, 13.5, 6.5], "texture": "#0"},
				"west": {"uv": [8.75, 6, 9, 6.5], "texture": "#0"},
				"up": {"uv": [8.75, 6, 4.25, 5.75], "texture": "#0"},
				"down": {"uv": [13.25, 5.75, 8.75, 6], "texture": "#0"}
			}
		},
		{
			"from": [12, -3, 11.5],
			"to": [15, -1, 14.5],
			"rotation": {"angle": 22.5, "axis": "y", "origin": [13.5, -2, 13]},
			"faces": {
				"north": {"uv": [4.75, 7.25, 5.5, 7.75], "texture": "#0"},
				"east": {"uv": [4, 7.25, 4.75, 7.75], "texture": "#0"},
				"south": {"uv": [6.25, 7.25, 7, 7.75], "texture": "#0"},
				"west": {"uv": [5.5, 7.25, 6.25, 7.75], "texture": "#0"},
				"up": {"uv": [5.5, 7.25, 4.75, 6.5], "texture": "#0"},
				"down": {"uv": [6.25, 6.5, 5.5, 7.25], "texture": "#0"}
			}
		},
		{
			"from": [12.5, -1.25, 12],
			"to": [14.5, -0.25, 14],
			"rotation": {"angle": 22.5, "axis": "y", "origin": [13.5, -2, 13]},
			"faces": {
				"north": {"uv": [6.75, 7, 7.25, 7.25], "texture": "#0"},
				"east": {"uv": [6.25, 7, 6.75, 7.25], "texture": "#0"},
				"south": {"uv": [7.75, 7, 8.25, 7.25], "texture": "#0"},
				"west": {"uv": [7.25, 7, 7.75, 7.25], "texture": "#0"},
				"up": {"uv": [7.25, 7, 6.75, 6.5], "texture": "#0"},
				"down": {"uv": [7.75, 6.5, 7.25, 7], "texture": "#0"}
			}
		},
		{
			"from": [1, -3, 11.5],
			"to": [7, -2, 14.5],
			"faces": {
				"north": {"uv": [7, 8, 8.5, 8.25], "texture": "#0"},
				"east": {"uv": [6.25, 8, 7, 8.25], "texture": "#0"},
				"south": {"uv": [9.25, 8, 10.75, 8.25], "texture": "#0"},
				"west": {"uv": [8.5, 8, 9.25, 8.25], "texture": "#0"},
				"up": {"uv": [8.5, 8, 7, 7.25], "texture": "#0"},
				"down": {"uv": [10, 7.25, 8.5, 8], "texture": "#0"}
			}
		}
	]
}