{
  "parent": "mcpaint:trigger/root",
  "criteria": {
    "place": {
      "trigger": "minecraft:placed_block",
      "conditions": {
        "location": [
          {
            "condition": "minecraft:match_tool",
            "predicate": {
              "items": [
                "minecraft:player_head"
              ],
	      "nbt": "{SkullOwner:{Name:\"mcpaint.computer\"}}"
            }
          }
        ]
      }
    }
  },
  "requirements": [
    [
      "place"
    ]
  ],
  "rewards": {
    "function": "mcpaint:trigger/place_computer"
  }
}