{
    "parent": "item/generated", 
    "textures": {
        "layer0": "block/orange_tulip"
    },
    "overrides": [
        {"predicate":{"custom_model_data":1},"model":"mcpaint/studio_1x1"},
        {"predicate":{"custom_model_data":2},"model":"mcpaint/feedback_egg"},
        {"predicate":{"custom_model_data":3},"model":"mcpaint/colour_picker"},
        {"predicate":{"custom_model_data":4},"model":"mcpaint/tools"},
        {"predicate":{"custom_model_data":5},"model":"mcpaint/custom_painting_frame"},
        {"predicate":{"custom_model_data":6},"model":"mcpaint/selection_box"},
        {"predicate":{"custom_model_data":7},"model":"mcpaint/selection_arrows"}
    ]
}