{
    "parent": "item/generated", 
    "textures": {
        "layer0": "block/orange_tulip"
    },
    "overrides": [
        {"predicate":{"custom_model_data":1},"model":"mcpaint/studio/studio_1x1"},
        {"predicate":{"custom_model_data":2},"model":"mcpaint/feedback_egg"},
        {"predicate":{"custom_model_data":3},"model":"mcpaint/colour_picker"},
        {"predicate":{"custom_model_data":4},"model":"mcpaint/tools"},
        {"predicate":{"custom_model_data":5},"model":"mcpaint/painting/canvas_1x1"},
        {"predicate":{"custom_model_data":6},"model":"mcpaint/selection_box"},
        {"predicate":{"custom_model_data":7},"model":"mcpaint/selection_arrows"},
        {"predicate":{"custom_model_data":8},"model":"mcpaint/studio/studio_1x2"},
        {"predicate":{"custom_model_data":9},"model":"mcpaint/painting/canvas_1x2"},
        {"predicate":{"custom_model_data":10},"model":"mcpaint/new_file_popup"},
        {"predicate":{"custom_model_data":11},"model":"mcpaint/studio/studio_2x1"},
        {"predicate":{"custom_model_data":12},"model":"mcpaint/painting/canvas_2x1"},
        {"predicate":{"custom_model_data":13},"model":"mcpaint/painting/canvas_2x2"},
        {"predicate":{"custom_model_data":14},"model":"mcpaint/studio/studio_2x2"}
    ]
}