{
  "display": {
    "icon": {
      "item": "minecraft:painting"
    },
    "title": {
      "translate": "mcpaint.advancements.root.title"
    },
    "description": {
      "translate": "mcpaint.advancements.root.description"
    },
    "frame": "task",
    "show_toast": false,
    "announce_to_chat": false,
    "hidden": false,
    "background": "minecraft:textures/block/light_gray_wool.png"
  },
  "criteria": {
    "item": {
      "trigger": "minecraft:inventory_changed",
      "conditions": {
        "items": [
          {
            "items": ["minecraft:painting"]
          }
        ]
      }
    }
  },
  "requirements": [
    [
      "item"
    ]
  ]
}