{
    "providers": [
        {
            "type": "bitmap",
            "file": "minecraft:item/writable_book.png",
            "ascent": 7,
            "chars": [
                "\u0041"
            ]
        },
        {
            "type": "bitmap",
            "file": "minecraft:item/painting.png",
            "ascent": 7,
            "chars": [
                "\u0042"
            ]
        },
        {
            "type": "bitmap",
            "file": "mcpaint:font/desktop_icons.png",
            "height": 32,
            "ascent": 32,
            "chars": [
                "\u0043\u0044",
                "\u0045\u0046"
            ]
        }
    ]
}
