{
	"parent": "minecraft:mcpaint/display_half",
	"credit": "Made with Blockbench",
	"texture_size": [64, 64],
	"textures": {
		"0": "item/mcpaint/studio_1x2"
	},
	"elements": [
		{
			"from": [4, 0, 15.5],
			"to": [12, 16, 16],
			"rotation": {"angle": 0, "axis": "y", "origin": [4, 0, 8]},
			"faces": {
				"north": {"uv": [0.25, 0.25, 4.25, 8.25], "texture": "#0"},
				"east": {"uv": [0, 0.25, 0.25, 8.25], "texture": "#0"},
				"south": {"uv": [4.5, 0.25, 8.5, 8.25], "texture": "#0"},
				"west": {"uv": [4.25, 0.25, 4.5, 8.25], "texture": "#0"},
				"up": {"uv": [4.25, 0.25, 0.25, 0], "texture": "#0"},
				"down": {"uv": [8.25, 0, 4.25, 0.25], "texture": "#0"}
			}
		},
		{
			"from": [3, -2.5, 15.375],
			"to": [4, 16.5, 16.375],
			"rotation": {"angle": 0, "axis": "y", "origin": [4, 0, 8]},
			"faces": {
				"north": {"uv": [11, 0.5, 11.5, 10], "texture": "#0"},
				"east": {"uv": [10.5, 0.5, 11, 10], "texture": "#0"},
				"south": {"uv": [12, 0.5, 12.5, 10], "texture": "#0"},
				"west": {"uv": [11.5, 0.5, 12, 10], "texture": "#0"},
				"up": {"uv": [11.5, 0.5, 11, 0], "texture": "#0"},
				"down": {"uv": [12, 0, 11.5, 0.5], "texture": "#0"}
			}
		},
		{
			"from": [12, -2.5, 15.375],
			"to": [13, 16.5, 16.375],
			"rotation": {"angle": 0, "axis": "y", "origin": [4, 0, 8]},
			"faces": {
				"north": {"uv": [9, 0.5, 9.5, 10], "texture": "#0"},
				"east": {"uv": [8.5, 0.5, 9, 10], "texture": "#0"},
				"south": {"uv": [10, 0.5, 10.5, 10], "texture": "#0"},
				"west": {"uv": [9.5, 0.5, 10, 10], "texture": "#0"},
				"up": {"uv": [9.5, 0.5, 9, 0], "texture": "#0"},
				"down": {"uv": [10, 0, 9.5, 0.5], "texture": "#0"}
			}
		},
		{
			"from": [3.5, -2, 13.5],
			"to": [12.5, -1.5, 16],
			"rotation": {"angle": 0, "axis": "y", "origin": [4, 0, 8]},
			"faces": {
				"north": {"uv": [5.75, 15.75, 10.25, 16], "texture": "#0"},
				"east": {"uv": [4.5, 15.75, 5.75, 16], "texture": "#0"},
				"south": {"uv": [11.5, 15.75, 16, 16], "texture": "#0"},
				"west": {"uv": [10.25, 15.75, 11.5, 16], "texture": "#0"},
				"up": {"uv": [10.25, 15.75, 5.75, 14.5], "texture": "#0"},
				"down": {"uv": [14.75, 14.5, 10.25, 15.75], "texture": "#0"}
			}
		},
		{
			"from": [3.5, -2, 13],
			"to": [12.5, -1, 13.5],
			"rotation": {"angle": 0, "axis": "y", "origin": [4, 0, 8]},
			"faces": {
				"north": {"uv": [6.5, 14, 11, 14.5], "texture": "#0"},
				"east": {"uv": [6.25, 14, 6.5, 14.5], "texture": "#0"},
				"south": {"uv": [11.25, 14, 15.75, 14.5], "texture": "#0"},
				"west": {"uv": [11, 14, 11.25, 14.5], "texture": "#0"},
				"up": {"uv": [11, 14, 6.5, 13.75], "texture": "#0"},
				"down": {"uv": [15.5, 13.75, 11, 14], "texture": "#0"}
			}
		},
		{
			"from": [10, -1.5, 13.75],
			"to": [11.5, -0.5, 15.25],
			"rotation": {"angle": 22.5, "axis": "y", "origin": [10.75, -1, 14.5]},
			"faces": {
				"north": {"uv": [13.5, 12.25, 14.25, 12.75], "texture": "#0"},
				"east": {"uv": [12.75, 12.25, 13.5, 12.75], "texture": "#0"},
				"south": {"uv": [15, 12.25, 15.75, 12.75], "texture": "#0"},
				"west": {"uv": [14.25, 12.25, 15, 12.75], "texture": "#0"},
				"up": {"uv": [14.25, 12.25, 13.5, 11.5], "texture": "#0"},
				"down": {"uv": [15, 11.5, 14.25, 12.25], "texture": "#0"}
			}
		},
		{
			"from": [10.25, -0.625, 14],
			"to": [11.25, -0.125, 15],
			"rotation": {"angle": 22.5, "axis": "y", "origin": [10.75, -1, 14.5]},
			"faces": {
				"north": {"uv": [14, 11.25, 14.5, 11.5], "texture": "#0"},
				"east": {"uv": [13.5, 11.25, 14, 11.5], "texture": "#0"},
				"south": {"uv": [15, 11.25, 15.5, 11.5], "texture": "#0"},
				"west": {"uv": [14.5, 11.25, 15, 11.5], "texture": "#0"},
				"up": {"uv": [14.5, 11.25, 14, 10.75], "texture": "#0"},
				"down": {"uv": [15, 10.75, 14.5, 11.25], "texture": "#0"}
			}
		},
		{
			"from": [4.5, -1.5, 13.75],
			"to": [7.5, -1, 15.25],
			"rotation": {"angle": 0, "axis": "y", "origin": [4, 0, 8]},
			"faces": {
				"north": {"uv": [12.25, 13.5, 13.75, 13.75], "texture": "#0"},
				"east": {"uv": [11.5, 13.5, 12.25, 13.75], "texture": "#0"},
				"south": {"uv": [14.5, 13.5, 16, 13.75], "texture": "#0"},
				"west": {"uv": [13.75, 13.5, 14.5, 13.75], "texture": "#0"},
				"up": {"uv": [13.75, 13.5, 12.25, 12.75], "texture": "#0"},
				"down": {"uv": [15.25, 12.75, 13.75, 13.5], "texture": "#0"}
			}
		}
	],
	"groups": [
		{
			"name": "group",
			"origin": [8, 8, 8],
			"color": 0,
			"children": [
				{
					"name": "group",
					"origin": [8, 8, 8],
					"color": 0,
					"children": [0, 1, 2, 3, 4, 5, 6, 7]
				}
			]
		}
	]
}