{
  "parent": "mcpaint:guide/place_custom_painting",
  "display": {
    "icon": {
      "item": "minecraft:ender_chest"
    },
    "title": {
      "translate": "mcpaint.advancements.load_work.title"
    },
    "description": {
      "translate": "mcpaint.advancements.load_work.description"
    },
    "frame": "task",
    "show_toast": true,
    "announce_to_chat": true,
    "hidden": false
  },
  "criteria": {
    "impossible": {
      "trigger": "minecraft:impossible",
      "conditions": {}
    }
  },
  "requirements": [
    [
      "impossible"
    ]
  ]
}