{
	"credit": "Made with Blockbench",
	"texture_size": [64, 64],
	"textures": {
		"0": "item/mcpaint/studio_1x1"
	},
	"elements": [
		{
			"from": [0, 0, 15],
			"to": [16, 16, 16],
			"faces": {
				"north": {"uv": [0.25, 0.25, 4.25, 4.25], "texture": "#0"},
				"east": {"uv": [0, 0.25, 0.25, 4.25], "texture": "#0"},
				"south": {"uv": [4.5, 0.25, 8.5, 4.25], "texture": "#0"},
				"west": {"uv": [4.25, 0.25, 4.5, 4.25], "texture": "#0"},
				"up": {"uv": [4.25, 0.25, 0.25, 0], "texture": "#0"},
				"down": {"uv": [8.25, 0, 4.25, 0.25], "texture": "#0"}
			}
		}
	],
    "display": {
        "fixed": {
            "rotation": [ 0, 180, 0 ],
            "translation": [ 0, 0, 0 ],
            "scale": [ 1, 1, 1 ]
        }
    }
}