{
	"credit": "Made with Blockbench",
	"textures": {
		"0": "item/mcpaint/feedback_egg"
	},
	"elements": [
		{
			"from": [7, 4, 14],
			"to": [9, 13, 15],
			"faces": {
				"north": {"uv": [4, 1, 6, 10], "texture": "#0"},
				"east": {"uv": [0, 1, 1, 10], "texture": "#0"},
				"south": {"uv": [4, 1, 6, 10], "texture": "#0"},
				"west": {"uv": [9, 1, 10, 10], "texture": "#0"},
				"up": {"uv": [6, 1, 4, 0], "texture": "#0"},
				"down": {"uv": [6, 13, 4, 14], "texture": "#0"}
			}
		},
		{
			"from": [9, 1, 14],
			"to": [11, 12, 15],
			"faces": {
				"north": {"uv": [2, 2, 4, 13], "texture": "#0"},
				"east": {"uv": [0, 2, 1, 13], "texture": "#0"},
				"south": {"uv": [2, 2, 4, 13], "texture": "#0"},
				"west": {"uv": [9, 2, 10, 13], "texture": "#0"},
				"up": {"uv": [4, 1, 2, 0], "texture": "#0"},
				"down": {"uv": [4, 13, 2, 14], "texture": "#0"}
			}
		},
		{
			"from": [5, 2, 14],
			"to": [7, 12, 15],
			"faces": {
				"north": {"uv": [6, 2, 8, 12], "texture": "#0"},
				"east": {"uv": [0, 2, 1, 12], "texture": "#0"},
				"south": {"uv": [6, 2, 8, 12], "texture": "#0"},
				"west": {"uv": [9, 2, 10, 12], "texture": "#0"},
				"up": {"uv": [8, 1, 6, 0], "texture": "#0"},
				"down": {"uv": [8, 13, 6, 14], "texture": "#0"}
			}
		},
		{
			"from": [4, 5, 14],
			"to": [5, 12, 15],
			"faces": {
				"north": {"uv": [8, 2, 9, 9], "texture": "#0"},
				"south": {"uv": [8, 2, 9, 9], "texture": "#0"},
				"west": {"uv": [9, 2, 10, 9], "texture": "#0"},
				"up": {"uv": [9, 1, 8, 0], "texture": "#0"},
				"down": {"uv": [9, 13, 8, 14], "texture": "#0"}
			}
		},
		{
			"from": [11, 6, 14],
			"to": [12, 11, 15],
			"faces": {
				"north": {"uv": [1, 3, 2, 8], "texture": "#0"},
				"east": {"uv": [0, 3, 1, 8], "texture": "#0"},
				"south": {"uv": [1, 3, 2, 8], "texture": "#0"},
				"up": {"uv": [2, 1, 1, 0], "texture": "#0"},
				"down": {"uv": [2, 13, 1, 14], "texture": "#0"}
			}
		},
		{
			"from": [6, 7, 12.5],
			"to": [9, 10, 14.5],
			"faces": {
				"north": {"uv": [10, 0, 13, 3], "texture": "#0"},
				"east": {"uv": [10, 3, 13, 5], "rotation": 90, "texture": "#0"},
				"west": {"uv": [10, 3, 13, 5], "rotation": 270, "texture": "#0"},
				"up": {"uv": [10, 3, 13, 5], "texture": "#0"},
				"down": {"uv": [10, 3, 13, 5], "rotation": 180, "texture": "#0"}
			}
		}
	],
    "display": {
        "fixed": {
            "rotation": [ 0, 180, 0 ],
            "translation": [ 0, 0, 0 ],
            "scale": [ 1, 1, 1 ]
        }
    }
}